title,Date,selftext
"Microsoft revenue up 17%, Net income up 24%",2025-07-30,
Where do we go from here? Meta and Microsoft earnings,2025-07-31,
"Top 3 companies to invest forever goog, Microsoft, apple?",2025-03-01,
Should my brokerage account with Google and Microsoft have reinvest dividends on?,2025-01-29,
"Microsoft: Growth, Investments, and Future Valuation in AI and Cloud Dominance",2025-02-27,
Resolve AI (RZLV) partnerships with Google and Microsoft ,2024-12-10,
"(RZLV) Resolve Ai  Google,Microsoft and Tether partnerships",2024-12-10,
"Stocks that doubled or more in 2 years (AMZN,GOOG,MSFT). If we have a correction how much will they likely pull back?",2025-01-11,
Is Microsoft too powerful to be impacted by a Trade War?,2025-02-06,
Dump nvidia based on Microsoft news?,2025-07-03,
Is it wise to invest 50% into voo then the other 50% split between goog - Amzn - Microsoft ? ,2024-08-23,
"Microsoft wins U.S. Army contract for augmented-reality headsets, worth up to $21.9 billion over 10 years",2021-03-31,
"MSFT closes at $2 Trillion, as second U.S. company ever.",2021-06-22,
Microsoft ($MSFT) DD - Sitting on a gold mine,2021-03-23,
Apple represents 20.13% of Vanguard's Information Technology ETF (VGT); Microsoft represents 16%. Is this ETF really diversified?,2021-05-27,
Microsoft beats on sales and earnings as Azure growth outpaces expectations,2020-10-27,
Microsoft Earnings. Revenue up 19% YoY,2021-04-27,
"Microsoft acquires Activision, Activision shareholders approve.",2022-04-29,
Microsoft Drops Out of Bidding for TikTok‚Äôs U.S. Operations,2020-09-13,
Microsoft to buy Activision Blizzard,2022-01-18,
"Aside from companies like Tesla, Square, Amazon and Microsoft what other companies do you think are currently the most innovative today?",2020-10-24,
"Microsoft posts big earnings beat, but Windows revenue from device makers falls 3%",2021-07-27,
Microsoft to cut thousands of jobs,2023-01-17,
"Microsoft (Earnings: $2.23 per share vs. $2.29 expected) (Revenue: $51.87 billion, vs. $52.44 billion as expected)",2022-07-26,
Microsoft announces quarterly dividend increase,2020-09-15,
MSFT Freezes salaries for FET's,2023-05-10,
Old Microsoft's Incredible Journey,2023-02-09,
Microsoft's acquisition of Mojang (Minecraft) over 6 years later.,2020-10-27,
Microsoft completes $69bn takeover of Call of Duty-maker Activision Blizzard,2023-10-13,
"Tech Selloff, Can MSFT and AMZN Earnings end the carnage?",2024-07-30,
"Eleven stocks worth considering today: strong fundamentals, Buy recommendations, (quite) reasonable valuations. AKAM, DG, LMT, MSFT, MRK, UNH, VRTX, WERN, CHE, ICE, CASY.",2020-09-21,
Microsoft earnings report,2022-04-26,
"Epic sues Apple over app store fees, during the weeks of congressional hearings about this topic and as Microsoft and Facebook complain about the same.",2020-08-14,
"GameStop Announces Multi-year Strategic Partnership with Microsoft, stock up +45%",2020-10-08,
Collaboration Alert: MSFT and OpenAI Launch $100 Billion Supercomputer Venture,2024-03-29,
What stops MSFT to buy ATVI shares cheaper than 95$ now on the market?,2022-05-10,
How are we feeling about Microsoft this year?,2024-03-06,
Microsoft Fair Value - A Discounted Cash Flow Analysis (adjusted),2022-10-06,
Netflix names Microsoft as partner for ad-supported subscription plan,2022-07-13,
What does it mean for me? Microsoft buying Activision for 95$ a share,2022-05-02,
Activision and Microsoft merger - is Call of Duty a monopoly maker vs Sony?,2022-01-24,
Why almost all of my portfolio is Microsoft,2021-12-15,
"Companies in the EU are starting to look for ways to ditch Amazon, Google, and Microsoft cloud services.",2025-03-24,
Microsoft is cutting 3% of all workers,2025-05-13,
Skype to Shut 14 Years After Microsoft‚Äôs $8.5 Billion Purchase,2025-02-28,
Microsoft announces $60 billion stock buyback and 10% dividend increase,2024-09-16,
Someone explain how Tesla went up and Microsoft went down?,2025-01-29,
Microsoft confirms performance-based job cuts across departments,2025-01-08,
"Microsoft reveals its first quantum computing chip, the Majorana 1",2025-02-19,
"Amazon, Like Microsoft, Says It Can‚Äôt Keep Up With AI Demand",2025-02-08,
"Microsoft in talks to buy TikTok, Trump says",2025-01-28,
Satya Nadella says ~30% of Microsoft code is written by AI,2025-04-29,
"Microsoft CEO says there is an 'overbuild' of AI systems, dismisses AGI milestones as show of progress",2025-02-21,
Microsoft Reports FY25 Q1 Earnings: Beat Across the Board,2024-10-30,
Microsoft raises price of consumer version of Microsoft 365 for first time since 2013,2025-01-16,
"Palantir announces Microsoft partnership to sell AI to U.S. defense, intel agencies",2024-08-08,
Microsoft expects to spend $80 billion on AI-enabled data centers in fiscal 2025,2025-01-03,
"Internal OpenAI projections suggest no profits until 2029, MSFT allegedly entitled to 20% of OpenAI's revenue",2024-10-09,
BlackRock and Microsoft plan $30bn fund to invest in AI infrastructure,2024-09-17,
MSFT may terminate expanded OpenAI deal as tensions rise over control and equity,2025-06-18,
A Three Mile Island nuclear reactor could restart under a new deal with Microsoft,2024-09-20,
Prediction: Apple is grossly priced compared to Microsoft,2024-10-29,
"Microsoft posts Q4 beat on top and bottom line on cloud, AI strength",2025-07-30,
The new Microsoft work is moot; perspective from a physicsist,2025-02-19,
Buy Microsoft?,2025-02-09,
"Microsoft shares jump on earnings, revenue beat",2025-04-30,
Microsoft finally revealed Azures true revenue. What do we all think?,2025-08-01,
Microsoft shares slip on light quarterly Azure growth,2025-01-29,
Why is no one talking about MSFT,2025-01-31,
"Microsoft tops $4 trillion in market cap after hours, joining Nvidia in exclusive club",2025-07-30,
OpenAI restructuring to For-Profit from Non-Profit and Microsoft Impact,2024-09-25,
"Microsoft's AI Revenue to Reach $25 Billion, Wedbush Raises Target Price to $600",2025-06-29,
"Microsoft Cancels Some Data Center Leases, TD Cowen Says. What It Means for the AI Trade.",2025-02-24,
Microsoft faces wide-ranging U.S. antitrust probe,2024-11-27,
Trump‚Äôs FTC Moves Ahead With Broad Microsoft Antitrust Probe,2025-03-12,
Google Cloud‚Äôs OpenAI Deal ‚ÄúA Win for TPU Chips‚Äù Microsoft Partner Says: CRN,2025-06-27,
Why is Microsoft flat YOY?,2025-02-13,
Microsoft & AMD team up on next gen Xbox chips  what does this mean for Nvidia and Sony?,2025-06-17,
Would google workspace surpass the revenue of microsoft office 365,2024-08-09,
Microsoft Nears $4 Trillion Market Cap After Another Strong Quarter  Reddit Earnings Tonight Could Surprise,2025-07-31,
Is Microsoft too big to be affected by a Trade War?,2025-02-06,
"Nvidia Surges Past Microsoft, US Markets Climb on Strong Economic Data",2025-06-03,
Microsoft hires former GE CFO Carolina Dybeck Happe as new operating chief ,2024-09-12,
Google files EU antitrust complaint accusing Microsoft of stifling cloud competition ,2024-09-25,
"Google, Apple, and Microsoft are facing anti trust threats ",2024-11-28,
"Microsoft's GitHub goes beyond OpenAI, welcomes AI models from Anthropic, Google",2024-10-29,
Tally of Microsoft Victims Surges to 400 as Hackers Capitalize on SharePoint Flaw,2025-07-23,
Microsoft breaking its back carrying the S&P,2025-05-02,
Microsoft Azure Quantum,2024-12-27,
Is MSFT still a buy?,2025-07-31,
Anybody fully understands the relationship between openai and msft? Will msft benefit if openai becomes a profitable company?,2024-09-20,
Microsoft Beats on Revenue/Earnings. Shares up ~8.5%,2025-05-01,
"Microsoft data center leases slowing, analysts say, raising investor attention",2025-03-04,
"Microsoft mulls more job cuts, this time focused on managers and non-coders, not just low performers, sources say",2025-04-09,
MSFT reports 30July,2025-07-29,
"OpenAI negotiates with Microsoft for new funding and future IPO, FT reports",2025-05-12,
Microsoft in talks to continue access to OpenAI technology,2025-07-29,
"Verizon Beats Estimates, Microsoft in Security Crisis, Equinix Gets Aggressive Buy as Tech Earnings Week Begins",2025-07-21,
Microsoft Majorana chip,2025-02-21,
Evercore: Will boost free cash flow for Microsoft and Oracle,2025-07-08,
Microsoft User Licensing,2025-03-20,
"Microsoft wins U.S. Army contract for augmented reality headsets, worth up to $21.9 billion over 10 years",2021-04-04,
Discord ends acquisition talks with Microsoft,2021-04-21,
"AI Wars: Google stock tumbles -5% premarket as Bard AI gives wrong answer at launch event, Microsoft to incorporate ChatGPT into Bing",2023-02-08,
Microsoft reports 17% revenue growth as cloud business accelerates,2021-01-26,
Activision shares soar 37% on report Microsoft will buy the video game giant,2022-01-18,
Britain blocks Microsoft‚Äôs $69 billion acquisition of Activision Blizzard,2023-04-26,
Google falls 3% pre-market as Microsoft gains 2% on reports that Samsung is considering Bing as default search engine across all devices,2023-04-17,
Microsoft reportedly plans to invest $10 billion in creator of buzzy A.I. tool ChatGPT,2023-01-10,
"Nancy Pelosi's husband just snapped up $2.6 million of Apple and Microsoft stock, closing out an options bet that the shares would soar",2023-06-27,
"EU approves Microsoft‚Äôs $69 billion acquisition of Activision Blizzard, clearing major hurdle",2023-05-15,
"Microsoft to cut 11,000 jobs across several divisions",2023-01-17,
Nvidia passes Microsoft in market cap to become most valuable public company ,2024-06-18,
Microsoft announces share buyback and increase of dividends.,2021-09-14,
Buffett‚Äôs Berkshire bought about $1 billion worth of Activision shares before Microsoft deal,2022-02-14,
Microsoft to buy jet fuel made with waste oil for Alaska Airlines in climate pledge,2020-10-22,
"Microsoft closes $7.5 billion Bethesda acquisition, aiming to take on Sony with exclusive games",2021-03-26,
Microsoft limits Bing A.I. chats after the chatbot had some unsettling conversations,2023-02-17,
500+ OpenAI employees will quit and join Microsoft unless the board resigns and reinstates Sam and Greg,2023-11-20,
Microsoft raises dividend by about 10%,2020-09-15,
MSFT Destroys Earnings Expectations,2020-10-27,
"MSFT closes at $2 Trillion, as second U.S. company ever to do so.",2021-06-22,
Microsoft wins U.S. antitrust okay for $16 billion purchase of Nuance,2021-06-04,
Microsoft earnings are out ‚Äì here are the numbers,2022-01-25,
Walmart is teaming up with Microsoft on TikTok bid,2020-08-27,
FTC likely to file lawsuit to block Microsoft's $69 bln bid for Activision,2022-11-23,
A leaked document from Google shows they believe Wall Street is too bullish on Microsoft‚Äôs Azure business,2022-12-21,
Microsoft to appeal IRS request for nearly $29 billion in back taxes,2023-10-11,
Microsoft in talks to buy Nuance,2021-04-11,
Microsoft becomes most valuable company in the world,2021-10-29,
‚ÄòDeal of a decade‚Äô: How buying TikTok could transform Microsoft,2020-08-26,
"AMD shares jump over 6% following collaboration with Microsoft on new AI chip codenamed ""Athena""",2023-05-04,
Cloud gaming battle heats up as Amazon enters the ring to take on Microsoft and Google,2020-09-25,
Meta and Microsoft announce partnership to integrate Workplace and Teams,2021-11-12,
"Meta and Alphabet lose dominance over US digital ads market as TikTok, Amazon, Microsoft and Apple take market share.",2022-12-26,
Report: Microsoft‚Äôs Activision Blizzard Deal Being Investigated for Insider Trading,2022-03-09,
"Microsoft Is Looking To Acquire Nintendo ‚ÄúAt Some Point‚Äù, Mario Maker‚Äôs Future ‚ÄúExists Off Of Its Hardware‚Äù",2023-09-19,
"Meta, Microsoft and Amazon team up on maps project to crack Apple-Google duopoly",2023-07-26,
"Why Microsoft would want to acquire Discord, which is reportedly exploring a $10B-plus sale",2021-03-22,
It‚Äôs ‚Äòreally the Google web‚Äô: Microsoft CEO testifies about how hard it is to break into search during antitrust trial,2023-10-02,
Google is a better long term hold than Microsoft.,2022-06-05,
Microsoft Reportedly Tried to Sell Bing to Apple in 2020,2023-09-29,
Microsoft shares rise on better-than-expected earnings and revenue,2023-01-24,
Microsoft earnings are out ‚Äì here are the numbers,2023-04-25,
"If Microsoft is buying activision at 95 dollars a share, how come the share price has risen to ""only"" 80 dollars?",2022-01-18,
Microsoft shares drop as cloud miss overshadows better-than-expected revenue,2024-07-30,
Satya Nadella Sells Half of His Shares of MSFT,2021-11-28,
"MSFT stocks bought in my name by grandparents 20 years ago, have receipt but no certificate",2021-03-23,
Alibaba cloud growth outpaces Amazon and Microsoft as Chinese tech giant pushes for profitability,2020-11-05,
Q2 Earnings - Microsoft beats estimates as Azure grows faster than expected,2024-01-30,
Microsoft announces new A.I.-powered Bing homepage that you can chat with,2023-02-07,
MSFT freezes salaries for FTE's,2023-05-10,
MSFT Crushes Azure earnings up over 4% AH,2023-10-24,
Microsoft stock hits all-time high after hiring former OpenAI CEO Sam Altman,2023-11-21,
Microsoft earnings are out ‚Äì here are the numbers,2024-04-25,
Microsoft earnings are out ‚Äì here are the numbers,2022-04-26,
$MSFT gets price target upgraded from $229 to $272 by Citi.,2020-12-21,
Microsoft‚Äôs stock hits record after executives predict $10 billion in annual A.I. revenue,2023-06-15,
This is why you listen to earnings calls - $MSFT,2022-01-25,
"Sony is crushing Microsoft in gaming. Xbox hardware -13%, Services -12%, Revenue -13%, PS hardware +46%, Services +19%, Revenue +53%",2023-02-02,
Microsoft betting on GM driverless Tech,2021-01-19,
Microsoft earnings are out ‚Äì here are the numbers,2022-07-26,
Microsoft is preparing for the worst scenario?,2025-04-30,
Microsoft and OpenAI Probing If DeepSeek-Linked Group Improperly Obtained OpenAI Data,2025-01-28,
Microsoft stock receives rare downgrade as analyst says it's 'beholden' to Nvidia,2024-09-24,
Elon Musk adds Microsoft to lawsuit against ChatGPT-maker OpenAI,2024-11-15,
Bought 16k worth of ‚ÄúMicrosoft‚Äù stock in the beginning of the week betting on a good earnings report.,2025-08-01,
Microsoft reportedly cancels US data center leases amid oversupply concerns,2025-02-23,
MICROSOFT $MSFT JUST REPORTED EARNINGS,2025-07-30,
Microsoft unveils Majorana 1 quantum chip By Investing.com,2025-02-19,
"BlackRock, Microsoft to Raise $30 Billion for AI Investments",2024-09-17,
Microsoft is Rethinking Its Server Farm Strategy and Pulling Back on Data Centers All Across The Globe,2025-04-03,
Jim Cramer Says Microsoft (MSFT) Will Have ‚ÄòTotal Dominance‚Äô in AI Enterprise Market,2024-11-07,
DARPA selects Microsoft to continue the development of a utility-scale quantum computer,2025-02-10,
OpenAI negotiates with Microsoft to unlock new funding and future IPO per FT,2025-05-11,
Ok guys Just dropped 22k on Microsoft hope y'all got puts,2024-12-16,
Microsoft faces ¬£1 billion lawsuit in UK for allegedly overcharging rival cloud firms' customers,2024-12-03,
$30B Microsoft and Blackrock AI investment fund will include an AI data center powered by nuclear reactors,2024-09-18,
Thanks Microsoft,2025-05-03,
Microsoft wins FTC appeal challenging $69 bln Activision Blizzard deal,2025-05-07,
$NVDA is back to having a larger market cap than $MSFT.,2024-08-19,
First Gain post on here! Microsoft ER,2025-08-03,
Microsoft gains,2024-12-05,
MSFT Gains. Didn't have to eat out of the Wendy's Dumpster tonight!,2024-12-10,
Google Cloud Against the Odds: Beating Microsoft and OpenAI in the AI race to the top!,2024-12-12,
"Tech stocks rally: Nvidia, Alphabet, Microsoft in today's spotlight",2024-11-29,
MSFT Calls Went Nuclear üí• +148% Today!,2025-07-31,
Microsoft beats quarterly revenue estimates,2024-10-30,
"Will Intel emerge as a major winner of Stargate $500 billion SoftBank, Microsoft & Oracle venture?",2025-01-21,
"ELI5: How MSFT ~2X higher PE vs GOOG, while generating 25% less profits?",2025-05-12,
US regulators plan to investigate Microsoft‚Äôs cloud business,2024-11-14,
"Dan Sundheim's D1 Capital sells Bank of America and Microsoft in the fourth quarter, buys 3M",2025-02-15,
"Microsoft Unveils Azure AI Foundry, Hints at Collaboration with Palantir",2024-11-19,
Google files an antitrust complaint against Microsoft in the EU for stifling cloud competition,2024-09-25,
A closer look at Microsoft news ‚Äì buy the AI dip?,2025-02-25,
"Microsoft-OpenAI Partnership Raises Antitrust Concerns, FTC Says",2025-01-17,
My Microsoft Bet,2024-10-30,
"OpenAI launches ChatGPT search, competing with Google and Microsoft",2024-10-31,
Microsoft and Blackrock along with UAE MGX Form Group $100 Billion to Invest in AI Data Centers and Power,2024-09-17,
MSFT 11/1 Puts for earnings,2024-10-28,
MSFT Pre-Earnings Analysis: AI Arms Race and Channel Check - AI Number May Show Double Digit Growth in Q1 2025 - Monster Quarter Growth,2024-10-29,
"Google Challenges Microsoft's Cloud Dominance, Files Antitrust Complaint in Europe",2024-09-26,
MSFT $415 C 4/17,2025-02-07,
Microsoft to buy Bitcoin?!?!?!?!!?,2024-12-04,
Delta CEO says Microsoft-CrowdStrike outage costs them $500MM plus brand damage ,2024-07-31,
IRS says Microsoft owes an additional $29 billion in back taxes,2023-10-11,
Microsoft Becomes The Most Valuable Company In The World,2024-01-16,
MSFT letting employees work from home permanently,2020-10-09,
Nancy Pelosi Buys More NVDA. Sells MSFT. ,2024-07-31,
How Call Options Work in 60 Seconds ft. Microsoft Paint and Tesla,2020-12-10,
Microsoft bid rejected by Tiktok,2020-09-13,
Microsoft going MARCOHARD,2021-10-27,
Microsoft hires former OpenAI CEO Sam Altman,2023-11-20,
$MSFT dropping like a rock before the earnings,2024-07-30,
I believe Microsoft (MSFT) is prepping Lumen (LUMN) for an acquisition.,2023-12-10,
Microsoft grindset,2024-05-12,
Bill Gates Would Be a Trillionaire if He Diamond Handed Microsoft | NextBigFuture.com,2023-11-20,
Former Microsoft CEO Steve Ballmer to receive $1 billion a year - doing nothing.,2024-01-24,
Any idea what's causing this big sell off? MSFT,2023-11-17,
"Microsoft $MSFT to fire 11,000 employees.",2023-01-17,
"OpenAI & Microsoft plan the world's largest supercomputer, a $100bn ""Stargate"" project, possibly powered by nuclear plants",2024-05-08,
Bought MSFT put. Wasn't Hired. ü•≤,2023-10-24,
Delta is seeking compensation from Crowdstrike and Microsoft following global outage,2024-07-29,
"Nokia partners with Microsoft, Google, and Amazon.",2021-03-15,
"Billionaire Bill Gates' Trust Sells Microsoft, Buffett's Berkshire Hathaway in Q1, Ups Walmart Stake by 200%",2024-05-28,
'Cisco replaces Microsoft as world's most valuable company' 3/25/2001,2024-06-18,
How a slick accounting maneuver led to a $29 billion tax bill for Microsoft,2023-10-15,
Microsoft Needs So Much Power to Train AI That It's Considering Small Nuclear Reactors,2023-10-04,
SEC Investigation Looms For OpenAI CEO Sam Altman And Microsoft CEO Satya Nadella - Halt.org,2023-11-26,
Billionaire Stan Druckenmiller reveals 21% of his portfolio is invested NVDA & MSFT,2024-03-25,
What the hell happened during after hours for Microsoft?,2022-01-25,
Microsoft Directors Decided Bill Gates Needed to Leave Board Due to Prior Relationship With Staffer,2021-05-16,
Microsoft Q4 Report,2024-07-30,
MSFT announced purchase of ZeniMax which includes Bethesda and id Software,2020-09-21,
"Nancy Pelosi's husband just snapped up $2.6 million of Apple and Microsoft stock, closing out an options bet that the shares would soar",2023-06-26,
"I'm a long term investor, here are my Microsoft gains. I wanted to post so people don't think you have to day trade to get ahead",2024-07-03,
"Combined, Apple, Microsoft, Alphabet, Amazon, Nvidia, and Meta make up over 25% of S&P 500, totaling $10 trillion in value",2023-05-29,
Microsoft to shut down LinkedIn in China - The last US social network in China,2021-10-14,
"Microsoft monster Revenue and EPS beat, f**k you I was right, this shit is systemic",2023-04-25,
How Microsoft Makes Money [OC],2023-10-31,
"Thanks, Microsoft. $600 to $16,000",2022-01-18,
Microsoft stock hits all-time high after hiring OpenAI‚Äôs fired CEO Sam Altman,2023-11-20,
"Microsoft may set a record at the close for highest market cap ever, but more importantly it needs to close exactly $1 higher than this",2024-02-09,
Microsoft sets price for premium version of Copilot AI software for consumers at $20 per user,2024-01-15,
Will Microsoft be hit with an SEC inquiry?,2023-11-22,
"Forbes: Nvidia, Google And Microsoft Are Betting Billions On Biotech‚Äôs AI Future",2024-03-17,
"Billionaire Stanley Druckenmiller loaded up a combined $430 million into Nvidia and Microsoft stocks in big, bold AI bets",2023-05-16,
"Feds to launch antitrust probe into Microsoft, OpenAI, Nvidia over ‚Äòmonopoly choke points‚Äô ",2024-06-06,
Microsoft finally buys Activision for $69 billion after regulatory approval. Share price up 30% YoY,2023-10-13,
Since so many regards couldn‚Äôt figure out what they were looking at Friday I used a üñçÔ∏è this time. MSFT 420.69 @ 4:20.,2024-02-11,
"Went from 3k to 25k, and then to zero. In order to cope with my addiction, I continued to lose another 7k of my own money. I would like to thank Microsoft for the recent margin call.",2022-01-10,
BB delivers security for Microsoft 365,2021-09-09,
Microsoft AI,2023-11-07,
FTC sues to stop Microsoft‚Äôs $70 billion acquisition of Activision Blizzard,2023-06-12,
What everybody missed about the $MSFT & $GME deal,2021-01-18,
"Nvidia‚Äôs New AI Chip is Delayed, Impacting Microsoft, Google, Meta",2024-08-02,
Microsoft YOY growth % by services and products,2024-07-30,
"Microsoft Earnings: Stock Tanks As AI Business Growth Worse Than Expected
",2024-07-30,
Microsoft Reports Slower Azure Cloud Growth; Shares Drop,2024-07-30,
Load Up BOI's - Microsoft and ARM will CRUSH Earnings,2024-07-30,
Microsoft Q2 Earnings Preview: Progress In AI Monetizing & Azure Cloud,2024-07-29,
Bull Case for Microsoft? $MSFT,2024-07-25,
How fucked I am? $MSFT,2024-07-30,
CrowdStrike and Microsoft stocks - will they fall after the global outage?,2024-07-19,
"Microsoft Bol fuk - Planes grounded as mass worldwide IT outage hits airlines, media and banks",2024-07-19,
Morgan Stanley Reports Microsoft to Double Capex For AI - NVDA is Clear Beneficiary ,2024-07-16,
MSFT put gains,2024-07-16,
Microsoft quits OpenAI board amid crack down on AI dealmaking,2024-07-10,
Nvidia passes Microsoft in market cap to become most valuable public company,2024-06-18,
Blast From Past: Cisco Briefly Tops Microsoft as World¬¥s Most Valuable Firm (Published 2000),2024-06-18,
NVDA AAPL MSFT BTC market cap,2024-06-14,
Market cap -Nvda vs msft vs aapl,2024-06-13,
Microsoft says it will no longer use engineers in China for Department of Defense work,2025-07-19,
$MSFT enters quantum computing race with breakthrough chip,2025-02-19,
Microsoft Touts $500 Million AI Savings While Slashing Jobs,2025-07-09,
"Microsoft, Apple, and NVIDIA will reportedly bail out OpenAI from the shackles of bankruptcy, pushing the ChatGPT maker‚Äôs market valuation to over $100 billion | Windows Central",2024-08-31,
"Microsoft Raises the Price of All Xbox Series Consoles, Xbox Games Confirmed to Hit $80 This Holiday - IGN",2025-05-01,
Microsoft's dominant 21st century offers a key lesson for stock market investors,2024-08-20,
MSFT and META just CRUSHED their earnings.,2025-04-30,
MSFT ‚Äústaircase to heaven‚Äù on this weekly chart‚Ä¶ 15th green candle in a row.,2025-07-30,
Microsoft has become the next $4 trillion company,2025-07-31,
Satya Nadella says as much as 30% of Microsoft code is written by AI,2025-04-30,
"Updated Valuations: LRCX, FSLR, MEDP, V, GOOGL, and MSFT",2024-11-01,
Microsoft tops quarterly revenue estimates on strong Azure demand,2025-07-30,
Microsoft wins FTC appeal challenging $69 billion Activision Blizzard deal,2025-05-07,
Microsoft Nears OpenAI Agreement for Ongoing Tech Access,2025-07-29,
Goggle evaluation compared to microsoft,2025-03-05,
"Microsoft vs nvidia better bet for 10,000$?",2025-02-03,
"Microsoft's Office-Teams offer will likely stave off EU antitrust fine, sources say",2025-05-15,
Microsoft strategy with gaming market,2025-03-14,
MSFT faces long-term potential disadvantages,2024-10-28,
Steve ballmer ex CEO of microsoft laughs at iphone ü§£,2021-09-09,
"How do Amazon, Apple, Google, Meta, Microsoft make money?",2022-04-28,
"Nvidia overtakes Microsoft as most valuable stock in the world
",2024-06-18,
"Microsoft buys the company that makes hit games Fallout, The Elder Scrolls, for $7.5 billion",2020-09-21,
"The median employee at Google makes ~$300k/year, at Microsoft ~$180k/year. Google employs almost 100k people who make more than $300k/year.",2022-11-21,
Microsoft‚Äôs Bethesda deal is a $7.5 billion part of its plan to crush Sony,2020-09-22,
[OC] Microsoft set to layoff 10K people,2023-01-18,
Microsoft revenue segments,2022-07-20,
Microsoft to acquire Activision Blizzard,2022-01-18,
Leaked email from Microsoft CEO says salaried staff will not get raises this year due to macroeconomic conditions,2023-05-10,
Microsoft partners with SpaceX to connect Azure cloud to Musk‚Äôs Starlink satellite internet,2020-10-20,
"Oracle is in talks to acquire TikTok‚Äôs U.S. operations, challenging Microsoft, source says",2020-08-18,
Microsoft to launch smaller version of its upcoming next-gen console for $299,2020-09-08,
Painful year for tech stocks. Nasdaq down -20% if the Top 5 largest holdings not taken into account. Stop looking for the next Google or the replacement for Microsoft. Some companies are here to stay leading for more decades.,2021-12-09,
Hard to understand how Microsoft and Apple are up 20% and 30% YTD respectively.,2023-04-10,
"Microsoft, Amazon and other tech companies have laid off more than 60,000 employees in the last year",2023-01-18,
"Alphabet and Microsoft lead megacap selloff in a rough earnings season, is Meta the next domino to fall?",2022-10-26,
Microsoft stock pops after it announces $30 per month A.I. subscription for Microsoft 365,2023-07-18,
Microsoft takes aim at Sony with cloud gaming service,2020-09-11,
Microsoft launches next-generation Xbox gaming consoles amid pandemic-driven demand,2020-11-10,
Microsoft $MSFT at all time high!,2023-11-10,
"Microsoft announces pricing and release date for new Xbox consoles, and you'll be able to finance them starting at $24.99 per month",2020-09-09,
"Nvidia Officially Passes Apple in Market Cap, Microsoft is Next (Just 4.43% Away)",2024-06-05,
Microsoft reportedly in talks to buy Discord for more than $10 billion,2021-03-23,
"Microsoft beat on Revenue and Profits. On the other hand, Satya Nadella sold more than 815.000 Microsoft shares in a couple of days. ü§∑‚Äç‚ôÇÔ∏è",2022-01-25,
"U.S. stocks hit a record high, with the S&P 500 surpassing a record 5,000 points, led by strong showings from tech giants Nvidia, Microsoft, and Amazon.",2024-02-09,
Microsoft cutting thousands of jobs,2023-01-17,
Microsoft shares tumble more than 8% after cloud revenue comes up short,2024-07-30,
Microsoft is seriously thinking of overtaking Apple in CAP and becoming the most expensive company in the world.,2021-10-15,
Activision Shares Down 3% as FTC Considers Blocking Microsoft Acquisition,2022-11-25,
Microsoft announces multibillion-dollar investment in ChatGPT-maker OpenAI,2023-01-23,
üìà Microsoft (MSFT) - Dividend Scorecard üìâ,2022-10-02,
"EU approves Microsoft‚Äôs $69 billion acquisition of Activision Blizzard, clearing huge hurdle",2023-05-15,
"Microsoft's all the metrics are still indicating growth without any issues, and they have no problem spending money to invest in companies like OpenAI, even in this market situation. Place your bets.",2023-01-24,
The Trillion-Dollar Race: Apple vs. Microsoft,2024-07-22,
"Microsoft Breaks U.S. Market-Cap Record, Surpassing Apple's Previous High",2024-02-09,
Totally lucked out . . . ATVI being bought by Microsoft. lol . . .,2022-01-18,
"CNBC's Jim Cramer is doubling down on his love for the ""Magnificent Seven"" mega-cap stocks ‚Äì Apple, Amazon, Alphabet, Nvidia, Meta, Microsoft, and Tesla.",2023-11-28,
"Breakdown of income statements for Amazon, Google and Microsoft",2022-08-01,
A brief history of Microsoft,2022-07-28,
"YTD Performance of the S&P 500 & NASDAQ vs. the Magnificent 7 (Apple $AAPL, Microsoft $MSFT, Google $GOOGL, Amazon $AMZN, Nvidia $NVDA, Tesla $TSLA, and Facebook $META):",2023-06-28,
Microsoft unveils a new AI powered Bing,2023-02-07,
Microsoft buys Nuance Communications in a $16 billion deal,2021-04-12,
"GOOGL vs MSFT - why Google stock (market cap) is significantly lower than Microsoft, while all expected 2023 fundamentals look the other way? is it an opportunity?",2023-02-04,
"Microsoft Up 8.2% Premarket On Strong Earnings, Will Continue AI Push",2023-04-26,
"Big Fund Doubles Down on Palantir Stock, Sells Apple, Tesla, Microsoft | Barron's",2024-04-21,
Microsoft Willing to Fight the FTC Over $75B Activision Deal: Report,2022-12-19,
Tiktok rejected Microsoft and chose Oracle instead,2020-09-13,
Microsoft and Lumen Technologies partner to power the future of AI and enable digital transformation to benefit hundreds of millions of customers,2024-07-25,
"Feds set stage for antitrust probes of Nvidia, Microsoft and OpenAI",2024-06-05,
Microsoft Expands AI and Cloud Infrastructure Globally ,2024-02-20,
Google Invests $27 Million in AI Training Following Microsoft's Commitment,2024-02-13,
Microsoft's Cybersecurity Superpower: Generative AI! Microsoft security executive calls generative AI a ‚Äòsuper power‚Äô for the field. What are your thoughts on the role of generative AI in tackling the cybersecurity talent shortage?,2023-11-27,
Microsoft SASE Questions,2023-08-16,
At what price per share is Microsoft ($MSFT) buying Activision ($ATVI)?,2023-07-23,
The stock market boom fueled by artificial intelligence has increased the wealth of the world's richest man by more than $150 billion. Gates himself has increased his wealth by $24 billion this year thanks to his holdings in Microsoft stock!,2023-07-17,
Amazon is investing $100 million in generative A.I. center in race to keep up with Microsoft and Google,2023-06-22,
"Apple and Microsoft will add $1 trillion in value in 2023, raising concerns over S&P 500 dominance",2023-05-23,
"EU decision clearing $69 bln Microsoft, Activision deal expected May 15, sources say",2023-05-10,
"Microsoft ($MSFT), Meta ($META), and Google ($GOOGL) lead earnings waves.",2023-04-24,
[OC] Microsoft Bing: A forgotten $10B+ business,2023-03-21,
Microsoft x Activision Antitrust Update üö®,2023-03-03,
Microsoft Activision deal,2023-02-27,
Microsoft vs. Google. ChatGPT vs. Bard - The AI chatbot competition intensifies,2023-02-06,
Microsoft's forecast suggests gloomy tech environment will continue,2023-01-24,
Microsoft Fundamentals Prior to Earnings,2023-01-24,
"Microsoft Earnings, can the tech giant continue it‚Äôs winning streak?",2023-01-25,
Microsoft users hit with global cloud outage that impacted products like Teams and Outlook,2023-01-25,
"If You Bought Microsoft Stock Ahead Of The Conference Call, Jim Cramer Says You Are One Of The 'Dumbest People' He's 'Ever Seen'",2023-01-26,
Microsoft beats on earnings as cloud unit shows strong growth,2023-01-24,
"Microsoft offers lackluster guidance, says new business growth slowed in December",2023-01-24,
"Microsoft stock dives into the red after forecast misses, CFO warns about deceleration",2023-01-24,
"Zacks Market Edge Highlights: Bank of America, Microsoft, Chevron, Merck and Marathon Digital",2023-01-22,
"Microsoft to cut 11,000 jobs across divisions",2023-01-17,
Microsoft (MSFT) Dividend Increase- 2024,2024-09-16,
Am I the only one buying MSFT and GOOGL these days?,2025-03-05,
MSFT is really bothering,2025-04-08,
Microsoft vs Google,2025-01-12,
What are your thoughts on Apple and Microsoft dividend?,2024-11-30,
Thoughts on Holding Microsoft (MSFT) Long-Term?,2025-01-23,
#MSFT Microsoft's smashing Q4 & FY'25 Earnings Beat,2025-07-31,
Microsoft revenue breakdowns,2022-07-20,
Markets Insider: Steve Ballmer on Pace to Earn $1 Billion in Dividends Yearly From Microsoft,2023-12-12,
ü§ë Microsoft (NASDAQ:MSFT) Is Increasing Its Dividend To US$0.62,2021-10-17,
Microsoft's earnings are out: $18B of net income. Thoughts?,2023-04-26,
Bill Gates Dividends from Microsoft,2024-01-10,
Microsoft quarterly results are out: $16B net profit. Good or bad quarter?,2023-01-25,
Microsoft's earnings are out: $22B of net profit. Thoughts?,2023-10-25,
Why are so many people recommending AAPL and MSFT?,2021-05-21,
Visualizing the income statement of Microsoft,2022-07-22,
"Visualizing income statement for Microsoft, Amazon and Google (June 2022 quarter)",2022-08-01,
"Microsoft (MSFT) reported its fiscal Q1 2022 earnings after the closing bell on Tuesday, easily beating analysts' expectations on the top and bottom line, with cloud revenue up 36% year-over-year. The stock was flat on the news.",2021-10-26,
Microsoft Increases Dividend,2020-09-16,
"Four decades of Microsoft's revenue, EBIT, and key milestones visualized:",2024-05-03,
"Why should a 20-year-old choose dividend investing over growth ETFs or stocks? ( such as QQQ, VOO, Microsoft etc) Wouldn't it be more advantageous to invest in growth first and then consider dividend stocks once the portfolio has expanded?",2023-11-16,
MSFT's investment in CHATGPT,2023-01-10,
"So I've been thinking alot about Nintendo lately. they're cyclical, obvious have strong competition in Sony and Microsoft, but they also have a pretty healthy niche on lock.",2023-05-27,
Is MSFT worth buying right now?,2021-09-28,
MSFT - DIV,2021-09-15,
MSFT/Microsoft: A Very Safe 1.13% Yield + 3 to 6% Annual Growth Potential,2023-01-01,
Microsoft FY24-year ended 30 Jun; visualized,2024-07-30,
Microsoft Corporation (MSFT) Valuation - The big Tech Gian,2023-04-06,
Who‚Äôs buying Microsoft today?,2022-10-27,
Doing it slowly! Planning to buy more MSFT over the next few months,2022-10-06,
ü§ë Notable Microsoft Insider Makes $18M Sale,2021-11-04,
Microsoft?,2023-09-16,
Microsoft or Apple?,2021-11-19,
"Microsoft Q1 Earnings Highlights: Revenue And EPS Beat, Cloud Revenue Up 24%, But These Areas Saw Declines",2022-10-25,
Adding 2k now and not adding anymore money until next year. What should I add? I was thinking Microsoft and apple? Any thoughts. Looking for growth and dividend. Or just dividends.,2021-11-11,
Can Growth Stocks Also Provide Income? - A Look at Apple & Microsoft,2021-09-29,
Is Microsoft considered a solid pick for dividend investment portfolio or it's mostly growth stock?,2024-07-18,
Given account with 100 MSFT - ideas?,2022-08-29,
Would it make sense to switch QQQ for just apple or Microsoft stock?,2022-05-11,
ASML vs MSFT. Which would you choose?,2022-12-30,
Kopin (KOPN) and Microsoft on $22 billion IVAS production. Already 45% up in the aftermarket üöÄüöÄüöÄüöÄüöÄ,2025-01-22,
Ever heard of OneMeta ($ONEI)? They're tackling real-time language translation with AI ‚Äì now live on Microsoft Azure,2025-04-14,
 üöÄ $CNDT: The $4 AI Tech Stock That Wall Street is Sleeping On (Microsoft AI Partnership),2024-12-10,
Rezolve AI  RZLV under the radar Voice AI Agent working with Google and Microsoft.,2025-02-14,
"$RZLV ‚Äì Rezolve AI's Explosive Retail Expansion with Google, Microsoft, Dunkin', and More",2025-02-06,
"CEO Jack Lynch Reports that $HMHC is integrating with ZOOM, GOOGLE AND MICROSOFT TEAM for their ""HMH ANYWHERE"" learning curriculum used by K-12 classes.",2020-08-14,
"Low Float $QMCI about to pop off. Cash flow positive, Microsoft, BB, and more",2021-02-21,
BlackBerry ($BB) and Microsoft ($MSFT) have entered partnership for Teams integration,2020-10-13,
"In on $HMHC at $2.62. Still holding, but wondering if anyone knows anything more about their relationship with Microsoft Teams in anticipation of more schools starting up soon.",2020-08-07,
"NEXCF/NTAR: Microsoft Invites Nextech AR to Showcase its Innovative, Cutting Edge Virtual Education Solutions at Its Global Education Partner Summit",2021-02-02,
"Low Float $QMCI about to pop off. Cash flow positive, Microsoft, BB, and more. Repost of a great u/punishedmedlock post",2021-03-03,
OTC Pick of the Day - Partnering w/ Microsoft! Lots of Potential,2024-04-15,
"$TSNP üî•üî•üî•HUMBL Announces Launch of Holiday Deal Days (Current deals include curated links to holiday discounts on trusted brands such as Apple¬Æ, Microsoft¬Æ, Samsung¬Æ, Sony¬Æ, Target¬Æ, Best By¬Æ and ULTA Beauty¬Æ.) very big deal e-commerce",2020-12-14,
I can‚Äôt believe I sold my Microsoft for ibio,2020-08-12,
Friday Moonshot Picks + a Partner w/ Microsoft,2024-04-12,
Former Microsoft Product Leader Joins $VERS to Revolutionize Developer Platforms with Next-Gen AI,2024-01-12,
microsoft-backed QS announced that it actually has billions in assets (Quantumscape Company),2024-05-02,
"PMPG engages Microsoft, IBM plus Commences to Send Proof of Concept Data to 4 Major Cloud Providers",2021-04-23,
VCI Global (VCIG) stock surges 120% on Microsoft AI partnership,2023-08-24,
SMFL to Partner with CloudKitchens - Who are backed by Microsoft & the Founder of Uber,2023-05-22,
$LPTV partnership with Microsoft,2023-08-08,
A.I.sector is getting warmer here‚Äôs a article on what to look for within that realm of stocks such as MSFT and GOOGL or MBLY spinoff from Intel (INTC) or even my long shot PBTS .,2023-02-15,
"fellow Canadians, have you started considering options after the Meta and Microsoft earning?",2025-07-30,
Since msft has good earnings and dropped drastically,2025-01-30,
Microsoft Put Credit Spreads?,2025-06-15,
Need guidance on a MSFT - Poor Man's Covered call,2025-06-23,
Msft calls,2025-02-24,
MSFT Call Optiond,2025-01-08,
Microsoft or NVDA for wheel strategy?,2025-01-27,
Microsoft Performance to July 18th,2025-06-12,
Microsoft Option,2025-02-24,
MSFT purchases Betheseda,2020-09-21,
"Tesla, Microsoft, Apple oh my!",2021-04-28,
"Unusual Option Flow Summary Week of August 3rd ‚Äì ADBE, CNK, FB, MSFT, SDC, SNAP, V",2020-08-09,
"Expected moves. Microsoft, Apple, Alphabet, Amazon, Meta, Shopify and more.",2022-07-24,
"Expected Moves This Week, Tesla, Microsoft, Intel, IBM, Boeing, and more.",2023-01-22,
"Expected Moves. Apple, Alphabet, Amazon, Meta, Microsoft, Twitter, and more.",2022-04-24,
"Expected Moves this Week: Amazon, Apple, Meta, Microsoft, Alphabet and more.",2022-10-23,
Big Call Buying in $TSLA $PLTR $MSFT and more is telling me the market is going MUCH higher,2024-07-10,
Evaluating Microsoft's drop yesterday,2023-01-05,
Option play for the mid to long term on Microsoft if you have limited capital?,2023-03-21,
$MSFT Bullish Sentiment - DD Included,2021-03-10,
"Expected Moves: Amazon, Microsoft, Alphabet, Snap, Boeing and more.",2023-10-22,
"Earnings expected moves this week: Microsoft, Meta, Alphabet, Boeing and more",2023-07-23,
Need Advice on Choosing Microsoft Call Options Ahead of Potential GPT-5 Announcement,2024-06-02,
$MSFT catching up,2021-01-20,
"Difference in value between in the money options, using Microsoft as an example",2023-03-24,
MSFT Discussion,2021-04-27,
CC‚Äôs on Microsoft,2021-04-03,
Trade Microsoft (MSFT) Earnings with Calendar Spread,2023-01-25,
MSFT Earnings Play: Diagonal Spread,2021-04-25,
UBER calls and MSFT puts - am I screwed?,2021-07-03,
Just thanks to whoever exercised their Microsoft puts with a month still to go.,2022-08-22,
Msft covered calls,2021-11-02,
Selling CC on Apple or Microsoft,2021-06-11,
(1/26) MSFT Earning Play,2021-01-26,
"Expected moves/condor: Microsoft, Alphabet/Google",2023-07-25,
Short puts on QQQ and SPY with expiration prior to MSFT earnings release.,2023-04-25,
Expected moves: Microsoft and Alphabet,2023-10-24,
"""Use This Low-Risk Trade to Buy Microsoft in Front of Earnings"" (article)",2022-04-26,
MSFT + AMD earnings today - waiting till tomorrow?,2024-07-30,
WMT and MSFT for TikTok,2020-08-27,
$msft Call question,2020-09-14,
Msft calls 4/26,2024-04-24,
Microsoft earnings,2021-01-22,
"Looking at Unusual activity I notice a bunch of short-dated calls on MSFT, and much longer dated puts deep in the money",2020-12-08,
Best options for ITM MSFT calls,2024-01-18,
MSFT or BRK.B...which do you prefer...or neither,2021-08-05,
Is Microsoft only bidder for NUAN?,2021-04-12,
Buy Microsoft Call?,2023-04-07,
Feeling juicy? - Microsoft,2023-03-13,
Has anyone used microsoft/qlib library for machine learning in algotrading?,2022-10-21,
Did anyone try Microsoft research's Qlib library designed for Machine Learning in Quantitative Finance? Link in description,2021-09-18,
"The mean of 100 simulations for each of the three stocks (AAPL, AMZN, MSFT)",2022-10-21,
To connect to my brokerage account through Virtual Machine (Microsoft Azure),2020-09-21,
How do you do Technical Analysis in Microsoft Excel?,2022-07-11,
Versions of Microsoft Excel ??,2020-10-10,
